photo_name,buds,flowers,red_fruit,green_fruit,raw_labels
1_2018_2000_03_06_12_1.jpg,0,0,0,0,"{'predictions': [], 'image': {'width': '0', 'height': '0'}}"
1_2018_2000_03_07_12_1.jpg,0,0,0,0,"{'predictions': [], 'image': {'width': '0', 'height': '0'}}"
1_2018_2000_03_08_12_1.jpg,0,0,0,0,"{'predictions': [], 'image': {'width': '0', 'height': '0'}}"
1_2018_2000_03_11_12_1.jpg,0,0,0,0,"{'predictions': [], 'image': {'width': '0', 'height': '0'}}"
1_2018_2000_03_12_11_1.jpg,0,0,0,0,"{'predictions': [], 'image': {'width': '0', 'height': '0'}}"
1_2018_2000_03_13_12_1.jpg,0,0,0,0,"{'predictions': [], 'image': {'width': '0', 'height': '0'}}"
1_2018_2000_03_14_11_1.jpg,0,0,0,0,"{'predictions': [], 'image': {'width': '0', 'height': '0'}}"
1_2018_2000_03_15_11_1.jpg,0,0,0,0,"{'predictions': [], 'image': {'width': '0', 'height': '0'}}"
1_2018_2000_03_16_10_1.jpg,0,0,0,0,"{'predictions': [], 'image': {'width': '0', 'height': '0'}}"
1_2018_2000_03_18_12_1.jpg,0,0,0,0,"{'predictions': [], 'image': {'width': '0', 'height': '0'}}"
1_2018_2000_03_19_11_1.jpg,0,0,0,0,"{'predictions': [], 'image': {'width': '0', 'height': '0'}}"
1_2018_2000_03_20_12_1.jpg,0,0,0,0,"{'predictions': [], 'image': {'width': '0', 'height': '0'}}"
1_2018_2000_03_21_11_1.jpg,0,0,0,0,"{'predictions': [], 'image': {'width': '0', 'height': '0'}}"
1_2018_2000_03_22_12_1.jpg,1,0,0,0,"{'predictions': [{'x': 1248.0, 'y': 22.5, 'width': 176.0, 'height': 45.0, 'confidence': 0.5659321546554565, 'class': 'Budrotation', 'class_id': 0, 'detection_id': 'aeb8d3d4-d8dd-41e9-b33f-b455fcb6904c', 'image_path': 'https://saguaro-training-set-1.s3.amazonaws.com/1_2018_2000_03_22_12_1.jpg', 'prediction_type': 'ObjectDetectionModel'}], 'image': {'width': '0', 'height': '0'}}"
1_2018_2000_03_23_11_1.jpg,0,0,0,0,"{'predictions': [], 'image': {'width': '0', 'height': '0'}}"
1_2018_2000_03_25_12_1.jpg,0,0,0,0,"{'predictions': [], 'image': {'width': '0', 'height': '0'}}"
1_2018_2000_03_26_10_1.jpg,0,0,0,0,"{'predictions': [], 'image': {'width': '0', 'height': '0'}}"
1_2018_2000_03_27_11_1.jpg,0,0,0,0,"{'predictions': [], 'image': {'width': '0', 'height': '0'}}"
1_2018_2000_03_28_11_1.jpg,0,0,0,0,"{'predictions': [], 'image': {'width': '0', 'height': '0'}}"
1_2018_2000_03_29_11_1.jpg,0,0,0,0,"{'predictions': [], 'image': {'width': '0', 'height': '0'}}"
1_2018_2000_03_30_16_1.jpg,0,0,0,0,"{'predictions': [], 'image': {'width': '0', 'height': '0'}}"
1_2018_2000_04_01_11_1.jpg,0,0,0,0,"{'predictions': [], 'image': {'width': '0', 'height': '0'}}"
1_2018_2000_04_02_10_1.jpg,0,0,0,0,"{'predictions': [], 'image': {'width': '0', 'height': '0'}}"
1_2018_2000_04_03_11_1.jpg,0,0,0,0,"{'predictions': [], 'image': {'width': '0', 'height': '0'}}"
1_2018_2000_04_04_10_1.jpg,0,0,0,0,"{'predictions': [], 'image': {'width': '0', 'height': '0'}}"
1_2018_2000_04_05_11_1.jpg,0,0,0,0,"{'predictions': [], 'image': {'width': '0', 'height': '0'}}"
1_2018_2000_04_08_10_1.jpg,0,0,0,0,"{'predictions': [], 'image': {'width': '0', 'height': '0'}}"
1_2018_2000_04_09_10_1.jpg,0,0,0,0,"{'predictions': [], 'image': {'width': '0', 'height': '0'}}"
1_2018_2000_04_10_10_1.jpg,0,0,0,0,"{'predictions': [], 'image': {'width': '0', 'height': '0'}}"
1_2018_2000_04_11_10_1.jpg,0,0,0,0,"{'predictions': [], 'image': {'width': '0', 'height': '0'}}"
1_2018_2000_04_12_11_1.jpg,0,0,0,0,"{'predictions': [], 'image': {'width': '0', 'height': '0'}}"
1_2018_2000_04_13_10_1.jpg,0,0,0,0,"{'predictions': [], 'image': {'width': '0', 'height': '0'}}"
1_2018_2000_04_16_10_1.jpg,0,0,0,0,"{'predictions': [], 'image': {'width': '0', 'height': '0'}}"
1_2018_2018_05_16_06_1.jpg,0,0,0,0,"{'predictions': [], 'image': {'width': '0', 'height': '0'}}"
1_2018_2018_05_17_07_1.jpg,0,0,0,0,"{'predictions': [], 'image': {'width': '0', 'height': '0'}}"
1_2018_2018_05_18_08_1.jpg,0,0,0,0,"{'predictions': [], 'image': {'width': '0', 'height': '0'}}"
1_2018_2018_05_19_06_1.jpg,0,0,0,0,"{'predictions': [], 'image': {'width': '0', 'height': '0'}}"
1_2018_2018_05_21_07_1.jpg,0,0,0,0,"{'predictions': [], 'image': {'width': '0', 'height': '0'}}"
1_2018_2018_05_22_06_1.jpg,0,0,0,0,"{'predictions': [], 'image': {'width': '0', 'height': '0'}}"
1_2018_2018_05_23_06_1.jpg,0,0,0,0,"{'predictions': [], 'image': {'width': '0', 'height': '0'}}"
1_2018_2018_05_24_08_1.jpg,0,0,0,0,"{'predictions': [], 'image': {'width': '0', 'height': '0'}}"
1_2018_2018_05_25_06_1.jpg,0,0,0,0,"{'predictions': [], 'image': {'width': '0', 'height': '0'}}"
1_2018_2018_05_25_06_2.jpg,0,0,0,0,"{'predictions': [], 'image': {'width': '0', 'height': '0'}}"
1_2018_2018_05_26_08_1.jpg,0,0,0,0,"{'predictions': [], 'image': {'width': '0', 'height': '0'}}"
1_2018_2018_05_28_07_1.jpg,0,0,0,0,"{'predictions': [], 'image': {'width': '0', 'height': '0'}}"
1_2018_2018_05_29_06_1.jpg,0,0,0,0,"{'predictions': [], 'image': {'width': '0', 'height': '0'}}"
1_2018_2018_05_30_06_1.jpg,0,0,0,0,"{'predictions': [], 'image': {'width': '0', 'height': '0'}}"
1_2018_2018_05_31_07_1.jpg,0,0,0,0,"{'predictions': [], 'image': {'width': '0', 'height': '0'}}"
1_2018_2018_06_01_07_1.jpg,0,0,0,0,"{'predictions': [], 'image': {'width': '0', 'height': '0'}}"
1_2018_2018_06_02_07_1.jpg,0,0,0,0,"{'predictions': [], 'image': {'width': '0', 'height': '0'}}"
1_2018_2018_06_04_06_1.jpg,0,0,0,0,"{'predictions': [], 'image': {'width': '0', 'height': '0'}}"
1_2018_2018_06_05_06_1.jpg,0,0,0,0,"{'predictions': [], 'image': {'width': '0', 'height': '0'}}"
1_2018_2018_06_06_06_1.jpg,0,0,0,0,"{'predictions': [], 'image': {'width': '0', 'height': '0'}}"
1_2018_2018_06_07_07_1.jpg,0,0,0,0,"{'predictions': [], 'image': {'width': '0', 'height': '0'}}"
1_2018_2018_06_08_06_1.jpg,0,0,0,0,"{'predictions': [], 'image': {'width': '0', 'height': '0'}}"
1_2018_2018_06_11_06_1.jpg,0,0,0,0,"{'predictions': [], 'image': {'width': '0', 'height': '0'}}"
1_2018_2018_06_12_06_1.jpg,0,0,0,0,"{'predictions': [], 'image': {'width': '0', 'height': '0'}}"
1_2018_2018_06_13_06_1.jpg,0,0,0,0,"{'predictions': [], 'image': {'width': '0', 'height': '0'}}"
1_2018_2018_06_14_06_1.jpg,0,0,0,0,"{'predictions': [], 'image': {'width': '0', 'height': '0'}}"
1_2018_2018_06_15_07_1.jpg,0,0,0,0,"{'predictions': [], 'image': {'width': '0', 'height': '0'}}"
1_2018_2018_06_16_13_1.jpg,0,0,0,0,"{'predictions': [], 'image': {'width': '0', 'height': '0'}}"
1_2018_2018_06_18_07_1.jpg,0,0,0,0,"{'predictions': [], 'image': {'width': '0', 'height': '0'}}"
1_2018_2018_06_19_07_1.jpg,0,0,0,0,"{'predictions': [], 'image': {'width': '0', 'height': '0'}}"
1_2018_2018_06_20_06_1.jpg,0,0,0,0,"{'predictions': [], 'image': {'width': '0', 'height': '0'}}"
1_2018_2018_06_21_06_1.jpg,0,0,0,0,"{'predictions': [], 'image': {'width': '0', 'height': '0'}}"
1_2018_2018_06_22_07_1.jpg,0,0,0,0,"{'predictions': [], 'image': {'width': '0', 'height': '0'}}"
1_2018_2018_06_23_14_1.jpg,0,0,0,0,"{'predictions': [], 'image': {'width': '0', 'height': '0'}}"
1_2018_2018_06_25_06_1.jpg,0,0,0,0,"{'predictions': [], 'image': {'width': '0', 'height': '0'}}"
1_2018_2018_06_26_06_1.jpg,0,0,0,0,"{'predictions': [], 'image': {'width': '0', 'height': '0'}}"
1_2018_2018_06_27_15_1.jpg,0,0,0,0,"{'predictions': [], 'image': {'width': '0', 'height': '0'}}"
1_2018_2018_06_28_08_1.jpg,0,0,0,0,"{'predictions': [], 'image': {'width': '0', 'height': '0'}}"
1_2018_2018_06_29_08_1.jpg,0,0,0,0,"{'predictions': [], 'image': {'width': '0', 'height': '0'}}"
1_2018_2018_06_30_06_1.jpg,0,0,0,0,"{'predictions': [], 'image': {'width': '0', 'height': '0'}}"
1_2018_2018_07_02_06_1.jpg,0,0,0,0,"{'predictions': [], 'image': {'width': '0', 'height': '0'}}"
1_2018_2018_07_03_06_1.jpg,0,0,0,0,"{'predictions': [], 'image': {'width': '0', 'height': '0'}}"
1_2018_2018_07_05_08_1.jpg,0,0,0,0,"{'predictions': [], 'image': {'width': '0', 'height': '0'}}"
1_2018_2018_07_06_07_1.jpg,1,0,0,0,"{'predictions': [{'x': 1258.5, 'y': 21.0, 'width': 85.0, 'height': 42.0, 'confidence': 0.489106684923172, 'class': 'Budrotation', 'class_id': 0, 'detection_id': '4aa1d742-fbc8-45e3-b783-9796d2d5a2a3', 'image_path': 'https://saguaro-training-set-1.s3.amazonaws.com/1_2018_2018_07_06_07_1.jpg', 'prediction_type': 'ObjectDetectionModel'}], 'image': {'width': '0', 'height': '0'}}"
1_2018_2018_07_07_07_1.jpg,0,0,0,0,"{'predictions': [], 'image': {'width': '0', 'height': '0'}}"
1_2018_2018_07_09_08_1.jpg,0,0,0,0,"{'predictions': [], 'image': {'width': '0', 'height': '0'}}"
1_2018_2018_07_10_09_1.jpg,0,0,0,0,"{'predictions': [], 'image': {'width': '0', 'height': '0'}}"
1_2018_2018_07_11_08_1.jpg,0,0,0,0,"{'predictions': [], 'image': {'width': '0', 'height': '0'}}"
1_2018_2018_07_12_06_1.jpg,0,0,0,0,"{'predictions': [], 'image': {'width': '0', 'height': '0'}}"
1_2018_2018_07_16_07_1.jpg,0,0,0,0,"{'predictions': [], 'image': {'width': '0', 'height': '0'}}"
1_2018_2018_07_17_06_1.jpg,0,0,0,0,"{'predictions': [], 'image': {'width': '0', 'height': '0'}}"
1_2018_2018_07_23_07_1.jpg,0,0,0,0,"{'predictions': [], 'image': {'width': '0', 'height': '0'}}"
1_2019_2019_04_09_09_1.jpg,0,0,0,0,"{'predictions': [], 'image': {'width': '0', 'height': '0'}}"
1_2019_2019_04_10_07_1.jpg,0,0,0,0,"{'predictions': [], 'image': {'width': '0', 'height': '0'}}"
1_2019_2019_04_11_07_1.jpg,0,0,2,0,"{'predictions': [{'x': 1252.0, 'y': 509.0, 'width': 284.0, 'height': 234.0, 'confidence': 0.4884442985057831, 'class': 'Red Fruitrotation', 'class_id': 3, 'detection_id': '03d10cb1-571d-4777-8698-295966269e5c', 'image_path': 'https://saguaro-training-set-1.s3.amazonaws.com/1_2019_2019_04_11_07_1.jpg', 'prediction_type': 'ObjectDetectionModel'}, {'x': 1499.0, 'y': 745.5, 'width': 230.0, 'height': 167.0, 'confidence': 0.24309049546718597, 'class': 'Red Fruitrotation', 'class_id': 3, 'detection_id': 'c368ee0d-93fe-489c-8962-6f090e38d17a', 'image_path': 'https://saguaro-training-set-1.s3.amazonaws.com/1_2019_2019_04_11_07_1.jpg', 'prediction_type': 'ObjectDetectionModel'}], 'image': {'width': '0', 'height': '0'}}"
1_2019_2019_04_12_07_1.jpg,0,0,0,0,"{'predictions': [], 'image': {'width': '0', 'height': '0'}}"
1_2019_2019_04_13_09_1.jpg,0,0,0,0,"{'predictions': [], 'image': {'width': '0', 'height': '0'}}"
1_2019_2019_04_15_08_1.jpg,0,0,0,0,"{'predictions': [], 'image': {'width': '0', 'height': '0'}}"
1_2019_2019_04_16_07_1.jpg,0,0,0,0,"{'predictions': [], 'image': {'width': '0', 'height': '0'}}"
1_2019_2019_04_17_07_1.jpg,0,0,0,0,"{'predictions': [], 'image': {'width': '0', 'height': '0'}}"
1_2019_2019_04_18_15_1.jpg,0,0,0,0,"{'predictions': [], 'image': {'width': '0', 'height': '0'}}"
1_2019_2019_04_19_07_1.jpg,0,0,0,0,"{'predictions': [], 'image': {'width': '0', 'height': '0'}}"
1_2019_2019_04_20_08_1.jpg,0,0,0,0,"{'predictions': [], 'image': {'width': '0', 'height': '0'}}"
1_2019_2019_04_22_07_1.jpg,0,0,0,0,"{'predictions': [], 'image': {'width': '0', 'height': '0'}}"
1_2019_2019_04_23_07_1.jpg,0,0,0,0,"{'predictions': [], 'image': {'width': '0', 'height': '0'}}"
1_2019_2019_04_25_07_1.jpg,0,0,0,0,"{'predictions': [], 'image': {'width': '0', 'height': '0'}}"
1_2019_2019_04_26_07_1.jpg,1,0,0,0,"{'predictions': [{'x': 221.5, 'y': 49.5, 'width': 217.0, 'height': 99.0, 'confidence': 0.5103662610054016, 'class': 'Budrotation', 'class_id': 0, 'detection_id': 'f27497ec-45c3-446e-9d7c-a63bd838e4ba', 'image_path': 'https://saguaro-training-set-1.s3.amazonaws.com/1_2019_2019_04_26_07_1.jpg', 'prediction_type': 'ObjectDetectionModel'}], 'image': {'width': '0', 'height': '0'}}"
1_2019_2019_04_27_06_1.jpg,0,0,0,0,"{'predictions': [], 'image': {'width': '0', 'height': '0'}}"
1_2019_2019_04_29_08_1.jpg,0,0,0,0,"{'predictions': [], 'image': {'width': '0', 'height': '0'}}"
1_2019_2019_04_30_07_1.jpg,0,0,0,0,"{'predictions': [], 'image': {'width': '0', 'height': '0'}}"
1_2019_2019_05_01_07_1.jpg,0,0,0,0,"{'predictions': [], 'image': {'width': '0', 'height': '0'}}"
1_2019_2019_05_02_08_1.jpg,0,0,0,0,"{'predictions': [], 'image': {'width': '0', 'height': '0'}}"
1_2019_2019_05_03_08_1.jpg,0,0,0,0,"{'predictions': [], 'image': {'width': '0', 'height': '0'}}"
1_2019_2019_05_04_07_1.jpg,0,0,0,0,"{'predictions': [], 'image': {'width': '0', 'height': '0'}}"
1_2019_2019_05_06_07_1.jpg,0,0,0,0,"{'predictions': [], 'image': {'width': '0', 'height': '0'}}"
1_2019_2019_05_07_07_1.jpg,0,0,0,0,"{'predictions': [], 'image': {'width': '0', 'height': '0'}}"
1_2019_2019_05_08_07_1.jpg,0,0,0,0,"{'predictions': [], 'image': {'width': '0', 'height': '0'}}"
1_2019_2019_05_09_07_1.jpg,0,0,0,0,"{'predictions': [], 'image': {'width': '0', 'height': '0'}}"
1_2019_2019_05_10_08_1.jpg,0,0,0,0,"{'predictions': [], 'image': {'width': '0', 'height': '0'}}"
1_2019_2019_05_11_06_1.jpg,0,0,0,0,"{'predictions': [], 'image': {'width': '0', 'height': '0'}}"
1_2019_2019_05_13_07_1.jpg,1,0,0,0,"{'predictions': [{'x': 1630.5, 'y': 1165.5, 'width': 153.0, 'height': 229.0, 'confidence': 0.30138468742370605, 'class': 'Budrotation', 'class_id': 0, 'detection_id': '75ee4f1f-14ce-40a2-893b-dea51d950328', 'image_path': 'https://saguaro-training-set-1.s3.amazonaws.com/1_2019_2019_05_13_07_1.jpg', 'prediction_type': 'ObjectDetectionModel'}], 'image': {'width': '0', 'height': '0'}}"
1_2019_2019_05_14_07_1.jpg,0,0,0,0,"{'predictions': [], 'image': {'width': '0', 'height': '0'}}"
1_2019_2019_05_15_07_1.jpg,0,0,0,0,"{'predictions': [], 'image': {'width': '0', 'height': '0'}}"
1_2019_2019_05_16_06_1.jpg,0,0,0,0,"{'predictions': [], 'image': {'width': '0', 'height': '0'}}"
1_2019_2019_05_17_10_1.jpg,0,0,0,0,"{'predictions': [], 'image': {'width': '0', 'height': '0'}}"
1_2019_2019_05_18_07_1.jpg,0,0,0,0,"{'predictions': [], 'image': {'width': '0', 'height': '0'}}"
1_2019_2019_05_20_08_1.jpg,0,0,0,0,"{'predictions': [], 'image': {'width': '0', 'height': '0'}}"
1_2019_2019_05_21_07_1.jpg,0,0,0,0,"{'predictions': [], 'image': {'width': '0', 'height': '0'}}"
1_2019_2019_05_22_07_1.jpg,0,0,0,0,"{'predictions': [], 'image': {'width': '0', 'height': '0'}}"
1_2019_2019_05_22_07_2.jpg,0,0,0,0,"{'predictions': [], 'image': {'width': '0', 'height': '0'}}"
1_2019_2019_05_23_06_1.jpg,0,0,0,0,"{'predictions': [], 'image': {'width': '0', 'height': '0'}}"
1_2019_2019_05_24_07_1.jpg,0,0,0,0,"{'predictions': [], 'image': {'width': '0', 'height': '0'}}"
1_2019_2019_05_25_07_1.jpg,0,0,0,0,"{'predictions': [], 'image': {'width': '0', 'height': '0'}}"
1_2019_2019_05_27_09_1.jpg,0,0,1,0,"{'predictions': [{'x': 128.0, 'y': 32.5, 'width': 198.0, 'height': 65.0, 'confidence': 0.24179762601852417, 'class': 'Red Fruitrotation', 'class_id': 3, 'detection_id': '25a85130-c8b3-450f-844f-559683bfc578', 'image_path': 'https://saguaro-training-set-1.s3.amazonaws.com/1_2019_2019_05_27_09_1.jpg', 'prediction_type': 'ObjectDetectionModel'}], 'image': {'width': '0', 'height': '0'}}"
1_2019_2019_05_28_07_1.jpg,1,0,0,0,"{'predictions': [{'x': 910.5, 'y': 7.5, 'width': 61.0, 'height': 15.0, 'confidence': 0.28457745909690857, 'class': 'Budrotation', 'class_id': 0, 'detection_id': '763fb471-c354-499c-9edf-04396b06f70c', 'image_path': 'https://saguaro-training-set-1.s3.amazonaws.com/1_2019_2019_05_28_07_1.jpg', 'prediction_type': 'ObjectDetectionModel'}], 'image': {'width': '0', 'height': '0'}}"
1_2019_2019_05_29_07_1.jpg,0,0,0,0,"{'predictions': [], 'image': {'width': '0', 'height': '0'}}"
1_2019_2019_05_30_07_1.jpg,0,0,0,0,"{'predictions': [], 'image': {'width': '0', 'height': '0'}}"
1_2019_2019_05_31_06_1.jpg,0,0,0,0,"{'predictions': [], 'image': {'width': '0', 'height': '0'}}"
1_2019_2019_06_01_07_1.jpg,0,0,0,0,"{'predictions': [], 'image': {'width': '0', 'height': '0'}}"
1_2019_2019_06_03_07_1.jpg,0,0,0,0,"{'predictions': [], 'image': {'width': '0', 'height': '0'}}"
1_2019_2019_06_04_07_1.jpg,0,0,0,0,"{'predictions': [], 'image': {'width': '0', 'height': '0'}}"
1_2019_2019_06_05_07_1.jpg,0,0,0,0,"{'predictions': [], 'image': {'width': '0', 'height': '0'}}"
1_2019_2019_06_06_07_1.jpg,0,0,0,0,"{'predictions': [], 'image': {'width': '0', 'height': '0'}}"
1_2019_2019_06_07_07_1.jpg,0,0,0,0,"{'predictions': [], 'image': {'width': '0', 'height': '0'}}"
1_2019_2019_06_10_07_1.jpg,0,0,0,0,"{'predictions': [], 'image': {'width': '0', 'height': '0'}}"
1_2019_2019_06_11_07_1.jpg,0,0,1,0,"{'predictions': [{'x': 1300.0, 'y': 1254.5, 'width': 84.0, 'height': 49.0, 'confidence': 0.42731741070747375, 'class': 'Red Fruitrotation', 'class_id': 3, 'detection_id': '1006f1cb-ea53-4183-9b73-faca32a318cb', 'image_path': 'https://saguaro-training-set-1.s3.amazonaws.com/1_2019_2019_06_11_07_1.jpg', 'prediction_type': 'ObjectDetectionModel'}], 'image': {'width': '0', 'height': '0'}}"
1_2019_2019_06_12_07_1.jpg,0,0,0,0,"{'predictions': [], 'image': {'width': '0', 'height': '0'}}"
1_2019_2019_06_13_08_1.jpg,0,0,0,0,"{'predictions': [], 'image': {'width': '0', 'height': '0'}}"
1_2019_2019_06_14_07_1.jpg,0,0,0,0,"{'predictions': [], 'image': {'width': '0', 'height': '0'}}"
1_2019_2019_06_15_07_1.jpg,0,0,0,0,"{'predictions': [], 'image': {'width': '0', 'height': '0'}}"
1_2019_2019_06_17_07_1.jpg,0,0,0,0,"{'predictions': [], 'image': {'width': '0', 'height': '0'}}"
1_2019_2019_06_18_07_1.jpg,0,0,0,0,"{'predictions': [], 'image': {'width': '0', 'height': '0'}}"
1_2019_2019_06_19_07_1.jpg,0,0,0,0,"{'predictions': [], 'image': {'width': '0', 'height': '0'}}"
1_2019_2019_06_20_07_1.jpg,1,0,0,0,"{'predictions': [{'x': 1686.0, 'y': 1117.5, 'width': 40.0, 'height': 53.0, 'confidence': 0.42032328248023987, 'class': 'Budrotation', 'class_id': 0, 'detection_id': '9bb35188-ccda-4dd9-a303-acbd7be77b7a', 'image_path': 'https://saguaro-training-set-1.s3.amazonaws.com/1_2019_2019_06_20_07_1.jpg', 'prediction_type': 'ObjectDetectionModel'}], 'image': {'width': '0', 'height': '0'}}"
1_2019_2019_06_21_07_1.jpg,0,0,0,0,"{'predictions': [], 'image': {'width': '0', 'height': '0'}}"
1_2019_2019_06_22_08_1.jpg,0,0,0,0,"{'predictions': [], 'image': {'width': '0', 'height': '0'}}"
1_2019_2019_06_25_07_1.jpg,0,0,0,0,"{'predictions': [], 'image': {'width': '0', 'height': '0'}}"
1_2019_2019_06_28_12_1.jpg,0,0,0,0,"{'predictions': [], 'image': {'width': '0', 'height': '0'}}"
1_2019_2019_06_29_07_1.jpg,0,0,0,0,"{'predictions': [], 'image': {'width': '0', 'height': '0'}}"
1_2019_2019_07_01_07_1.jpg,0,0,0,0,"{'predictions': [], 'image': {'width': '0', 'height': '0'}}"
1_2019_2019_07_02_07_1.jpg,0,0,0,0,"{'predictions': [], 'image': {'width': '0', 'height': '0'}}"
1_2019_2019_07_03_07_1.jpg,0,0,0,0,"{'predictions': [], 'image': {'width': '0', 'height': '0'}}"
1_2019_2019_07_04_08_1.jpg,0,0,0,0,"{'predictions': [], 'image': {'width': '0', 'height': '0'}}"
1_2019_2019_07_05_07_1.jpg,0,0,0,0,"{'predictions': [], 'image': {'width': '0', 'height': '0'}}"
1_2019_2019_07_06_07_1.jpg,0,0,0,0,"{'predictions': [], 'image': {'width': '0', 'height': '0'}}"
1_2019_2019_07_08_08_1.jpg,0,0,0,0,"{'predictions': [], 'image': {'width': '0', 'height': '0'}}"
1_2019_2019_07_09_06_1.jpg,0,0,0,0,"{'predictions': [], 'image': {'width': '0', 'height': '0'}}"
1_2019_2019_07_09_15_1.jpg,0,0,0,0,"{'predictions': [], 'image': {'width': '0', 'height': '0'}}"
1_2019_2019_07_11_07_1.jpg,0,0,0,0,"{'predictions': [], 'image': {'width': '0', 'height': '0'}}"
1_2019_2019_07_12_07_1.jpg,0,0,0,0,"{'predictions': [], 'image': {'width': '0', 'height': '0'}}"
1_2019_2019_07_13_08_1.jpg,0,0,0,0,"{'predictions': [], 'image': {'width': '0', 'height': '0'}}"
1_2019_2019_07_15_07_1.jpg,0,0,0,0,"{'predictions': [], 'image': {'width': '0', 'height': '0'}}"
1_2019_2019_07_16_07_1.jpg,0,0,0,0,"{'predictions': [], 'image': {'width': '0', 'height': '0'}}"
1_2019_2019_07_18_08_1.jpg,0,0,0,0,"{'predictions': [], 'image': {'width': '0', 'height': '0'}}"
1_2019_2019_07_19_08_1.jpg,0,0,0,0,"{'predictions': [], 'image': {'width': '0', 'height': '0'}}"
1_2019_2019_07_22_07_1.jpg,0,0,0,0,"{'predictions': [], 'image': {'width': '0', 'height': '0'}}"
1_2019_2019_07_24_07_1.jpg,0,0,0,0,"{'predictions': [], 'image': {'width': '0', 'height': '0'}}"
1_2019_2019_07_26_07_1.jpg,0,0,0,0,"{'predictions': [], 'image': {'width': '0', 'height': '0'}}"
1_2019_2019_07_27_08_1.jpg,0,0,0,0,"{'predictions': [], 'image': {'width': '0', 'height': '0'}}"
1_2019_2019_07_30_07_1.jpg,0,0,0,0,"{'predictions': [], 'image': {'width': '0', 'height': '0'}}"
1_2019_2019_08_01_07_1.jpg,0,0,0,0,"{'predictions': [], 'image': {'width': '0', 'height': '0'}}"
1_2019_2019_08_02_07_1.jpg,0,0,0,0,"{'predictions': [], 'image': {'width': '0', 'height': '0'}}"
1_2020_2020_04_06_08_1.jpg,0,0,0,0,"{'predictions': [], 'image': {'width': '0', 'height': '0'}}"
1_2020_2020_04_07_07_1.jpg,0,0,0,0,"{'predictions': [], 'image': {'width': '0', 'height': '0'}}"
1_2020_2020_04_08_07_1.jpg,0,0,0,0,"{'predictions': [], 'image': {'width': '0', 'height': '0'}}"
1_2020_2020_04_09_08_1.jpg,0,0,0,0,"{'predictions': [], 'image': {'width': '0', 'height': '0'}}"
1_2020_2020_04_10_07_1.jpg,0,0,0,0,"{'predictions': [], 'image': {'width': '0', 'height': '0'}}"
1_2020_2020_04_11_07_1.jpg,0,0,0,0,"{'predictions': [], 'image': {'width': '0', 'height': '0'}}"
1_2020_2020_04_12_08_1.jpg,0,0,0,0,"{'predictions': [], 'image': {'width': '0', 'height': '0'}}"
1_2020_2020_04_12_08_2.jpg,0,0,0,0,"{'predictions': [], 'image': {'width': '0', 'height': '0'}}"
1_2020_2020_04_13_07_1.jpg,0,0,0,0,"{'predictions': [], 'image': {'width': '0', 'height': '0'}}"
1_2020_2020_04_14_08_1.jpg,0,0,0,0,"{'predictions': [], 'image': {'width': '0', 'height': '0'}}"
1_2020_2020_04_15_07_1.jpg,0,0,0,0,"{'predictions': [], 'image': {'width': '0', 'height': '0'}}"
1_2020_2020_04_16_07_1.jpg,0,0,0,0,"{'predictions': [], 'image': {'width': '0', 'height': '0'}}"
1_2020_2020_04_17_07_1.jpg,0,0,0,0,"{'predictions': [], 'image': {'width': '0', 'height': '0'}}"
1_2020_2020_04_18_08_1.jpg,0,0,0,0,"{'predictions': [], 'image': {'width': '0', 'height': '0'}}"
1_2020_2020_04_20_07_1.jpg,0,0,0,0,"{'predictions': [], 'image': {'width': '0', 'height': '0'}}"
1_2020_2020_04_21_08_1.jpg,0,0,0,0,"{'predictions': [], 'image': {'width': '0', 'height': '0'}}"
1_2020_2020_04_22_06_1.jpg,0,0,0,0,"{'predictions': [], 'image': {'width': '0', 'height': '0'}}"
1_2020_2020_04_23_07_1.jpg,0,0,1,0,"{'predictions': [{'x': 849.5, 'y': 908.0, 'width': 191.0, 'height': 176.0, 'confidence': 0.3537141978740692, 'class': 'Red Fruitrotation', 'class_id': 3, 'detection_id': '69f60c2d-e0df-4b07-a58a-a5e335ced3d9', 'image_path': 'https://saguaro-training-set-1.s3.amazonaws.com/1_2020_2020_04_23_07_1.jpg', 'prediction_type': 'ObjectDetectionModel'}], 'image': {'width': '0', 'height': '0'}}"
1_2020_2020_04_24_06_1.jpg,0,0,0,0,"{'predictions': [], 'image': {'width': '0', 'height': '0'}}"
1_2020_2020_04_25_08_1.jpg,0,0,0,0,"{'predictions': [], 'image': {'width': '0', 'height': '0'}}"
1_2020_2020_04_27_07_1.jpg,0,0,0,0,"{'predictions': [], 'image': {'width': '0', 'height': '0'}}"
1_2020_2020_04_28_08_1.jpg,0,0,0,0,"{'predictions': [], 'image': {'width': '0', 'height': '0'}}"
1_2020_2020_04_29_07_1.jpg,0,0,0,0,"{'predictions': [], 'image': {'width': '0', 'height': '0'}}"
1_2020_2020_04_30_06_1.jpg,0,0,0,0,"{'predictions': [], 'image': {'width': '0', 'height': '0'}}"
1_2020_2020_05_01_07_1.jpg,0,0,0,0,"{'predictions': [], 'image': {'width': '0', 'height': '0'}}"
1_2020_2020_05_02_06_1.jpg,0,0,1,0,"{'predictions': [{'x': 1019.5, 'y': 734.0, 'width': 59.0, 'height': 36.0, 'confidence': 0.7372806072235107, 'class': 'Red Fruitrotation', 'class_id': 3, 'detection_id': '5bc59e3f-4896-46b1-b0d1-0bb091eefe8c', 'image_path': 'https://saguaro-training-set-1.s3.amazonaws.com/1_2020_2020_05_02_06_1.jpg', 'prediction_type': 'ObjectDetectionModel'}], 'image': {'width': '0', 'height': '0'}}"
1_2020_2020_05_04_07_1.jpg,0,0,0,0,"{'predictions': [], 'image': {'width': '0', 'height': '0'}}"
1_2020_2020_05_05_07_1.jpg,0,0,0,0,"{'predictions': [], 'image': {'width': '0', 'height': '0'}}"
1_2020_2020_05_06_07_1.jpg,0,0,0,0,"{'predictions': [], 'image': {'width': '0', 'height': '0'}}"
1_2020_2020_05_07_06_1.jpg,0,0,0,0,"{'predictions': [], 'image': {'width': '0', 'height': '0'}}"
1_2020_2020_05_08_06_1.jpg,0,0,0,0,"{'predictions': [], 'image': {'width': '0', 'height': '0'}}"
1_2020_2020_05_09_06_1.jpg,0,0,0,0,"{'predictions': [], 'image': {'width': '0', 'height': '0'}}"
1_2020_2020_05_11_06_1.jpg,0,0,0,0,"{'predictions': [], 'image': {'width': '0', 'height': '0'}}"
1_2020_2020_05_12_06_1.jpg,0,0,0,0,"{'predictions': [], 'image': {'width': '0', 'height': '0'}}"
1_2020_2020_05_13_06_1.jpg,0,0,0,0,"{'predictions': [], 'image': {'width': '0', 'height': '0'}}"
1_2020_2020_05_13_12_1.jpg,0,0,0,0,"{'predictions': [], 'image': {'width': '0', 'height': '0'}}"
1_2020_2020_05_15_06_1.jpg,0,0,0,0,"{'predictions': [], 'image': {'width': '0', 'height': '0'}}"
1_2020_2020_05_16_06_1.jpg,0,0,0,0,"{'predictions': [], 'image': {'width': '0', 'height': '0'}}"
1_2020_2020_05_18_06_1.jpg,0,0,0,0,"{'predictions': [], 'image': {'width': '0', 'height': '0'}}"
1_2020_2020_05_19_07_1.jpg,0,0,0,0,"{'predictions': [], 'image': {'width': '0', 'height': '0'}}"
1_2020_2020_05_20_06_1.jpg,0,0,0,0,"{'predictions': [], 'image': {'width': '0', 'height': '0'}}"
1_2020_2020_05_21_07_1.jpg,0,0,0,0,"{'predictions': [], 'image': {'width': '0', 'height': '0'}}"
1_2020_2020_05_22_06_1.jpg,0,0,0,0,"{'predictions': [], 'image': {'width': '0', 'height': '0'}}"
1_2020_2020_05_23_06_1.jpg,0,0,0,0,"{'predictions': [], 'image': {'width': '0', 'height': '0'}}"
1_2020_2020_05_25_07_1.jpg,0,0,0,0,"{'predictions': [], 'image': {'width': '0', 'height': '0'}}"
1_2020_2020_05_26_06_1.jpg,0,0,0,0,"{'predictions': [], 'image': {'width': '0', 'height': '0'}}"
1_2020_2020_05_27_06_1.jpg,0,0,0,0,"{'predictions': [], 'image': {'width': '0', 'height': '0'}}"
1_2020_2020_05_28_05_1.jpg,0,0,0,0,"{'predictions': [], 'image': {'width': '0', 'height': '0'}}"
1_2020_2020_05_29_06_1.jpg,0,0,0,0,"{'predictions': [], 'image': {'width': '0', 'height': '0'}}"
1_2020_2020_05_30_06_1.jpg,0,0,0,0,"{'predictions': [], 'image': {'width': '0', 'height': '0'}}"
1_2020_2020_06_01_06_1.jpg,0,0,0,0,"{'predictions': [], 'image': {'width': '0', 'height': '0'}}"
1_2020_2020_06_02_07_1.jpg,0,0,0,0,"{'predictions': [], 'image': {'width': '0', 'height': '0'}}"
1_2020_2020_06_03_06_1.jpg,0,0,0,0,"{'predictions': [], 'image': {'width': '0', 'height': '0'}}"
1_2020_2020_06_04_07_1.jpg,0,0,0,0,"{'predictions': [], 'image': {'width': '0', 'height': '0'}}"
1_2020_2020_06_05_06_1.jpg,0,0,0,0,"{'predictions': [], 'image': {'width': '0', 'height': '0'}}"
1_2020_2020_06_06_06_1.jpg,0,0,0,0,"{'predictions': [], 'image': {'width': '0', 'height': '0'}}"
1_2020_2020_06_08_06_1.jpg,0,0,0,0,"{'predictions': [], 'image': {'width': '0', 'height': '0'}}"
1_2020_2020_06_09_07_1.jpg,0,0,0,0,"{'predictions': [], 'image': {'width': '0', 'height': '0'}}"
1_2020_2020_06_10_06_1.jpg,0,0,0,0,"{'predictions': [], 'image': {'width': '0', 'height': '0'}}"
1_2020_2020_06_11_06_1.jpg,0,0,0,0,"{'predictions': [], 'image': {'width': '0', 'height': '0'}}"
1_2020_2020_06_12_06_1.jpg,0,0,0,0,"{'predictions': [], 'image': {'width': '0', 'height': '0'}}"
1_2020_2020_06_12_06_2.jpg,0,0,0,0,"{'predictions': [], 'image': {'width': '0', 'height': '0'}}"
1_2020_2020_06_12_13_1.jpg,0,0,0,0,"{'predictions': [], 'image': {'width': '0', 'height': '0'}}"
1_2020_2020_06_15_06_1.jpg,0,0,0,0,"{'predictions': [], 'image': {'width': '0', 'height': '0'}}"
1_2020_2020_06_16_07_1.jpg,0,0,0,0,"{'predictions': [], 'image': {'width': '0', 'height': '0'}}"
1_2020_2020_06_17_06_1.jpg,0,0,0,0,"{'predictions': [], 'image': {'width': '0', 'height': '0'}}"
1_2020_2020_06_17_06_2.jpg,0,0,0,0,"{'predictions': [], 'image': {'width': '0', 'height': '0'}}"
1_2020_2020_06_18_06_1.jpg,0,0,0,0,"{'predictions': [], 'image': {'width': '0', 'height': '0'}}"
1_2020_2020_06_19_06_1.jpg,0,0,0,0,"{'predictions': [], 'image': {'width': '0', 'height': '0'}}"
1_2020_2020_06_20_05_1.jpg,0,0,0,0,"{'predictions': [], 'image': {'width': '0', 'height': '0'}}"
1_2020_2020_06_22_06_1.jpg,0,0,0,0,"{'predictions': [], 'image': {'width': '0', 'height': '0'}}"
1_2020_2020_06_23_07_1.jpg,0,0,0,0,"{'predictions': [], 'image': {'width': '0', 'height': '0'}}"
1_2020_2020_06_24_06_1.jpg,0,0,0,0,"{'predictions': [], 'image': {'width': '0', 'height': '0'}}"
1_2020_2020_06_25_06_1.jpg,0,0,0,0,"{'predictions': [], 'image': {'width': '0', 'height': '0'}}"
1_2020_2020_06_26_06_1.jpg,0,0,0,0,"{'predictions': [], 'image': {'width': '0', 'height': '0'}}"
1_2020_2020_06_27_05_1.jpg,0,0,0,0,"{'predictions': [], 'image': {'width': '0', 'height': '0'}}"
1_2020_2020_06_29_09_1.jpg,0,0,1,0,"{'predictions': [{'x': 635.0, 'y': 616.0, 'width': 60.0, 'height': 76.0, 'confidence': 0.5927611589431763, 'class': 'Red Fruitrotation', 'class_id': 3, 'detection_id': '3b7c63b6-4c94-4a23-83dd-d1455240b5e7', 'image_path': 'https://saguaro-training-set-1.s3.amazonaws.com/1_2020_2020_06_29_09_1.jpg', 'prediction_type': 'ObjectDetectionModel'}], 'image': {'width': '0', 'height': '0'}}"
1_2020_2020_06_30_06_1.jpg,0,0,0,0,"{'predictions': [], 'image': {'width': '0', 'height': '0'}}"
1_2020_2020_07_01_18_1.jpg,0,0,0,0,"{'predictions': [], 'image': {'width': '0', 'height': '0'}}"
1_2020_2020_07_02_08_1.jpg,0,0,0,0,"{'predictions': [], 'image': {'width': '0', 'height': '0'}}"
1_2020_2020_07_03_06_1.jpg,0,0,0,0,"{'predictions': [], 'image': {'width': '0', 'height': '0'}}"
1_2020_2020_07_05_05_1.jpg,0,0,0,0,"{'predictions': [], 'image': {'width': '0', 'height': '0'}}"
1_2020_2020_07_06_06_1.jpg,0,0,0,0,"{'predictions': [], 'image': {'width': '0', 'height': '0'}}"
1_2020_2020_07_07_07_1.jpg,0,0,0,0,"{'predictions': [], 'image': {'width': '0', 'height': '0'}}"
1_2020_2020_07_08_06_1.jpg,0,0,0,0,"{'predictions': [], 'image': {'width': '0', 'height': '0'}}"
1_2020_2020_07_09_06_1.jpg,0,0,0,0,"{'predictions': [], 'image': {'width': '0', 'height': '0'}}"
1_2020_2020_07_09_12_1.jpg,0,0,0,0,"{'predictions': [], 'image': {'width': '0', 'height': '0'}}"
1_2020_2020_07_11_05_1.jpg,0,0,0,0,"{'predictions': [], 'image': {'width': '0', 'height': '0'}}"
1_2020_2020_07_13_05_1.jpg,0,0,0,0,"{'predictions': [], 'image': {'width': '0', 'height': '0'}}"
1_2020_2020_07_14_07_1.jpg,0,0,0,0,"{'predictions': [], 'image': {'width': '0', 'height': '0'}}"
1_2020_2020_07_15_05_1.jpg,0,0,0,0,"{'predictions': [], 'image': {'width': '0', 'height': '0'}}"
1_2020_2020_07_16_07_1.jpg,0,0,0,0,"{'predictions': [], 'image': {'width': '0', 'height': '0'}}"
1_2020_2020_07_17_05_1.jpg,0,0,0,0,"{'predictions': [], 'image': {'width': '0', 'height': '0'}}"
1_2020_2020_07_18_05_1.jpg,0,0,0,0,"{'predictions': [], 'image': {'width': '0', 'height': '0'}}"
1_2020_2020_07_20_06_1.jpg,0,0,0,0,"{'predictions': [], 'image': {'width': '0', 'height': '0'}}"
1_2020_2020_07_21_07_1.jpg,0,0,0,0,"{'predictions': [], 'image': {'width': '0', 'height': '0'}}"
1_2020_2020_07_21_11_1.jpg,0,0,0,0,"{'predictions': [], 'image': {'width': '0', 'height': '0'}}"
1_2020_2020_07_24_05_1.jpg,0,0,0,0,"{'predictions': [], 'image': {'width': '0', 'height': '0'}}"
1_2020_2020_07_25_05_1.jpg,0,0,0,0,"{'predictions': [], 'image': {'width': '0', 'height': '0'}}"
1_2021_2021_03_30_08_1.jpg,0,0,0,0,"{'predictions': [], 'image': {'width': '0', 'height': '0'}}"
1_2021_2021_04_02_08_1.jpg,0,0,0,0,"{'predictions': [], 'image': {'width': '0', 'height': '0'}}"
1_2021_2021_04_05_08_1.jpg,0,0,0,0,"{'predictions': [], 'image': {'width': '0', 'height': '0'}}"
1_2021_2021_04_06_07_1.jpg,0,0,0,0,"{'predictions': [], 'image': {'width': '0', 'height': '0'}}"
1_2021_2021_04_07_09_1.jpg,0,0,0,0,"{'predictions': [], 'image': {'width': '0', 'height': '0'}}"
1_2021_2021_04_08_08_1.jpg,0,0,0,0,"{'predictions': [], 'image': {'width': '0', 'height': '0'}}"
1_2021_2021_04_09_08_1.jpg,0,0,0,0,"{'predictions': [], 'image': {'width': '0', 'height': '0'}}"
1_2021_2021_04_11_12_1.jpg,0,0,0,0,"{'predictions': [], 'image': {'width': '0', 'height': '0'}}"
1_2021_2021_04_12_08_1.jpg,0,0,0,0,"{'predictions': [], 'image': {'width': '0', 'height': '0'}}"
1_2021_2021_04_13_07_1.jpg,0,0,0,0,"{'predictions': [], 'image': {'width': '0', 'height': '0'}}"
1_2021_2021_04_14_08_1.jpg,0,0,0,0,"{'predictions': [], 'image': {'width': '0', 'height': '0'}}"
1_2021_2021_04_15_07_1.jpg,0,0,0,0,"{'predictions': [], 'image': {'width': '0', 'height': '0'}}"
1_2021_2021_04_15_07_2.jpg,0,0,0,0,"{'predictions': [], 'image': {'width': '0', 'height': '0'}}"
1_2021_2021_04_16_08_1.jpg,0,0,0,0,"{'predictions': [], 'image': {'width': '0', 'height': '0'}}"
1_2021_2021_04_18_07_1.jpg,0,0,0,0,"{'predictions': [], 'image': {'width': '0', 'height': '0'}}"
1_2021_2021_04_19_08_1.jpg,0,0,0,0,"{'predictions': [], 'image': {'width': '0', 'height': '0'}}"
1_2021_2021_04_20_07_1.jpg,0,0,0,0,"{'predictions': [], 'image': {'width': '0', 'height': '0'}}"
1_2021_2021_04_21_07_1.jpg,0,0,0,0,"{'predictions': [], 'image': {'width': '0', 'height': '0'}}"
1_2021_2021_04_22_07_1.jpg,0,0,3,0,"{'predictions': [{'x': 106.5, 'y': 272.5, 'width': 213.0, 'height': 235.0, 'confidence': 0.5573097467422485, 'class': 'Red Fruitrotation', 'class_id': 3, 'detection_id': '03a6655c-4eb3-4649-a38a-f6712c374de9', 'image_path': 'https://saguaro-training-set-1.s3.amazonaws.com/1_2021_2021_04_22_07_1.jpg', 'prediction_type': 'ObjectDetectionModel'}, {'x': 107.5, 'y': 248.0, 'width': 215.0, 'height': 284.0, 'confidence': 0.4292573928833008, 'class': 'Red Fruitrotation', 'class_id': 3, 'detection_id': '475aa58f-f4e4-4c70-a604-10682a81710d', 'image_path': 'https://saguaro-training-set-1.s3.amazonaws.com/1_2021_2021_04_22_07_1.jpg', 'prediction_type': 'ObjectDetectionModel'}, {'x': 152.0, 'y': 401.0, 'width': 304.0, 'height': 202.0, 'confidence': 0.34412887692451477, 'class': 'Red Fruitrotation', 'class_id': 3, 'detection_id': '98296090-65d3-4833-a8db-2f0e023a75a2', 'image_path': 'https://saguaro-training-set-1.s3.amazonaws.com/1_2021_2021_04_22_07_1.jpg', 'prediction_type': 'ObjectDetectionModel'}], 'image': {'width': '0', 'height': '0'}}"
1_2021_2021_04_23_07_1.jpg,0,0,0,0,"{'predictions': [], 'image': {'width': '0', 'height': '0'}}"
1_2021_2021_04_24_07_1.jpg,0,0,0,0,"{'predictions': [], 'image': {'width': '0', 'height': '0'}}"
1_2021_2021_04_25_09_1.jpg,0,0,0,0,"{'predictions': [], 'image': {'width': '0', 'height': '0'}}"
1_2021_2021_04_26_07_1.jpg,0,0,0,0,"{'predictions': [], 'image': {'width': '0', 'height': '0'}}"
1_2021_2021_04_27_08_1.jpg,0,0,1,0,"{'predictions': [{'x': 956.5, 'y': 538.5, 'width': 73.0, 'height': 29.0, 'confidence': 0.3834454119205475, 'class': 'Red Fruitrotation', 'class_id': 3, 'detection_id': '1ba64936-bd75-4149-8b56-6b60072a6578', 'image_path': 'https://saguaro-training-set-1.s3.amazonaws.com/1_2021_2021_04_27_08_1.jpg', 'prediction_type': 'ObjectDetectionModel'}], 'image': {'width': '0', 'height': '0'}}"
1_2021_2021_04_28_07_1.jpg,0,0,0,0,"{'predictions': [], 'image': {'width': '0', 'height': '0'}}"
1_2021_2021_04_29_07_1.jpg,0,0,0,0,"{'predictions': [], 'image': {'width': '0', 'height': '0'}}"
1_2021_2021_04_30_07_1.jpg,0,0,0,0,"{'predictions': [], 'image': {'width': '0', 'height': '0'}}"
1_2021_2021_05_01_08_1.jpg,0,0,0,0,"{'predictions': [], 'image': {'width': '0', 'height': '0'}}"
1_2021_2021_05_02_07_1.jpg,0,0,0,0,"{'predictions': [], 'image': {'width': '0', 'height': '0'}}"
1_2021_2021_05_03_07_1.jpg,0,0,0,0,"{'predictions': [], 'image': {'width': '0', 'height': '0'}}"
1_2021_2021_05_04_08_1.jpg,0,0,0,0,"{'predictions': [], 'image': {'width': '0', 'height': '0'}}"
1_2021_2021_05_05_08_1.jpg,0,0,0,0,"{'predictions': [], 'image': {'width': '0', 'height': '0'}}"
1_2021_2021_05_07_07_1.jpg,0,0,0,0,"{'predictions': [], 'image': {'width': '0', 'height': '0'}}"
1_2021_2021_05_08_07_1.jpg,0,0,0,0,"{'predictions': [], 'image': {'width': '0', 'height': '0'}}"
1_2021_2021_05_10_08_1.jpg,0,0,0,0,"{'predictions': [], 'image': {'width': '0', 'height': '0'}}"
1_2021_2021_05_11_08_1.jpg,0,0,0,0,"{'predictions': [], 'image': {'width': '0', 'height': '0'}}"
1_2021_2021_05_12_08_1.jpg,0,0,0,0,"{'predictions': [], 'image': {'width': '0', 'height': '0'}}"
1_2021_2021_05_13_08_1.jpg,0,0,0,0,"{'predictions': [], 'image': {'width': '0', 'height': '0'}}"
1_2021_2021_05_15_08_1.jpg,0,0,0,0,"{'predictions': [], 'image': {'width': '0', 'height': '0'}}"
1_2021_2021_05_18_08_1.jpg,0,0,0,0,"{'predictions': [], 'image': {'width': '0', 'height': '0'}}"
1_2021_2021_05_19_08_1.jpg,0,0,0,0,"{'predictions': [], 'image': {'width': '0', 'height': '0'}}"
1_2021_2021_05_20_07_1.jpg,0,0,0,0,"{'predictions': [], 'image': {'width': '0', 'height': '0'}}"
1_2021_2021_05_21_08_1.jpg,0,0,0,0,"{'predictions': [], 'image': {'width': '0', 'height': '0'}}"
1_2021_2021_05_23_06_1.jpg,0,0,0,0,"{'predictions': [], 'image': {'width': '0', 'height': '0'}}"
1_2021_2021_05_25_09_1.jpg,0,0,0,0,"{'predictions': [], 'image': {'width': '0', 'height': '0'}}"
1_2021_2021_05_26_07_1.jpg,0,0,0,0,"{'predictions': [], 'image': {'width': '0', 'height': '0'}}"
1_2021_2021_05_27_08_1.jpg,0,0,0,0,"{'predictions': [], 'image': {'width': '0', 'height': '0'}}"
1_2021_2021_05_28_07_1.jpg,0,0,0,0,"{'predictions': [], 'image': {'width': '0', 'height': '0'}}"
1_2021_2021_05_30_07_1.jpg,0,0,0,0,"{'predictions': [], 'image': {'width': '0', 'height': '0'}}"
1_2021_2021_05_31_08_1.jpg,0,0,0,0,"{'predictions': [], 'image': {'width': '0', 'height': '0'}}"
1_2021_2021_06_01_08_1.jpg,0,0,0,0,"{'predictions': [], 'image': {'width': '0', 'height': '0'}}"
1_2021_2021_06_02_08_1.jpg,1,0,0,0,"{'predictions': [{'x': 1048.0, 'y': 927.5, 'width': 78.0, 'height': 59.0, 'confidence': 0.3357674479484558, 'class': 'Budrotation', 'class_id': 0, 'detection_id': 'a9ab0012-701c-40c5-86b4-11ef2ed7162c', 'image_path': 'https://saguaro-training-set-1.s3.amazonaws.com/1_2021_2021_06_02_08_1.jpg', 'prediction_type': 'ObjectDetectionModel'}], 'image': {'width': '0', 'height': '0'}}"
1_2021_2021_06_04_08_1.jpg,1,0,0,0,"{'predictions': [{'x': 1667.0, 'y': 775.0, 'width': 74.0, 'height': 94.0, 'confidence': 0.2543981671333313, 'class': 'Budrotation', 'class_id': 0, 'detection_id': '21a19194-8e41-464a-b96f-5f0901e31537', 'image_path': 'https://saguaro-training-set-1.s3.amazonaws.com/1_2021_2021_06_04_08_1.jpg', 'prediction_type': 'ObjectDetectionModel'}], 'image': {'width': '0', 'height': '0'}}"
1_2021_2021_06_06_08_1.jpg,0,0,0,0,"{'predictions': [], 'image': {'width': '0', 'height': '0'}}"
1_2021_2021_06_07_08_1.jpg,0,0,0,0,"{'predictions': [], 'image': {'width': '0', 'height': '0'}}"
1_2021_2021_06_08_08_1.jpg,0,0,0,0,"{'predictions': [], 'image': {'width': '0', 'height': '0'}}"
1_2021_2021_06_09_08_1.jpg,0,0,0,0,"{'predictions': [], 'image': {'width': '0', 'height': '0'}}"
1_2021_2021_06_10_08_1.jpg,0,0,0,0,"{'predictions': [], 'image': {'width': '0', 'height': '0'}}"
1_2021_2021_06_11_07_1.jpg,0,0,0,0,"{'predictions': [], 'image': {'width': '0', 'height': '0'}}"
1_2021_2021_06_12_08_1.jpg,0,0,0,0,"{'predictions': [], 'image': {'width': '0', 'height': '0'}}"
1_2021_2021_06_14_08_1.jpg,0,0,0,0,"{'predictions': [], 'image': {'width': '0', 'height': '0'}}"
1_2021_2021_06_15_08_1.jpg,0,0,0,0,"{'predictions': [], 'image': {'width': '0', 'height': '0'}}"
1_2021_2021_06_16_08_1.jpg,0,0,0,0,"{'predictions': [], 'image': {'width': '0', 'height': '0'}}"
1_2021_2021_06_17_16_1.jpg,0,0,0,0,"{'predictions': [], 'image': {'width': '0', 'height': '0'}}"
1_2021_2021_06_18_16_1.jpg,0,0,0,0,"{'predictions': [], 'image': {'width': '0', 'height': '0'}}"
1_2021_2021_06_19_07_1.jpg,0,0,0,0,"{'predictions': [], 'image': {'width': '0', 'height': '0'}}"
1_2021_2021_06_21_07_1.jpg,0,0,0,0,"{'predictions': [], 'image': {'width': '0', 'height': '0'}}"
1_2021_2021_06_22_07_1.jpg,0,0,0,0,"{'predictions': [], 'image': {'width': '0', 'height': '0'}}"
1_2021_2021_06_23_07_1.jpg,0,0,0,0,"{'predictions': [], 'image': {'width': '0', 'height': '0'}}"
1_2021_2021_06_24_07_1.jpg,0,0,0,0,"{'predictions': [], 'image': {'width': '0', 'height': '0'}}"
1_2021_2021_06_25_06_1.jpg,0,0,0,0,"{'predictions': [], 'image': {'width': '0', 'height': '0'}}"
1_2021_2021_06_27_06_1.jpg,0,0,0,0,"{'predictions': [], 'image': {'width': '0', 'height': '0'}}"
1_2021_2021_06_28_07_1.jpg,0,0,0,0,"{'predictions': [], 'image': {'width': '0', 'height': '0'}}"
1_2021_2021_06_29_07_1.jpg,0,0,0,0,"{'predictions': [], 'image': {'width': '0', 'height': '0'}}"
1_2021_2021_06_30_07_1.jpg,0,0,0,0,"{'predictions': [], 'image': {'width': '0', 'height': '0'}}"
1_2021_2021_07_01_07_1.jpg,0,0,0,0,"{'predictions': [], 'image': {'width': '0', 'height': '0'}}"
1_2021_2021_07_02_07_1.jpg,0,0,0,0,"{'predictions': [], 'image': {'width': '0', 'height': '0'}}"
1_2021_2021_07_03_07_1.jpg,0,0,0,0,"{'predictions': [], 'image': {'width': '0', 'height': '0'}}"
1_2021_2021_07_06_07_1.jpg,0,0,0,0,"{'predictions': [], 'image': {'width': '0', 'height': '0'}}"
1_2021_2021_07_08_07_1.jpg,0,0,0,0,"{'predictions': [], 'image': {'width': '0', 'height': '0'}}"
1_2021_2021_07_09_07_1.jpg,0,0,0,0,"{'predictions': [], 'image': {'width': '0', 'height': '0'}}"
1_2021_2021_07_10_07_1.jpg,0,0,0,0,"{'predictions': [], 'image': {'width': '0', 'height': '0'}}"
1_2021_2021_07_12_07_1.jpg,0,0,0,0,"{'predictions': [], 'image': {'width': '0', 'height': '0'}}"
1_2021_2021_07_13_07_1.jpg,0,0,0,1,"{'predictions': [{'x': 988.5, 'y': 1261.0, 'width': 29.0, 'height': 36.0, 'confidence': 0.2606869637966156, 'class': 'Green Fruitrotation', 'class_id': 2, 'detection_id': 'f6ddb714-c5e8-432c-9935-8c8fb589f835', 'image_path': 'https://saguaro-training-set-1.s3.amazonaws.com/1_2021_2021_07_13_07_1.jpg', 'prediction_type': 'ObjectDetectionModel'}], 'image': {'width': '0', 'height': '0'}}"
1_2021_2021_07_15_07_1.jpg,0,0,0,0,"{'predictions': [], 'image': {'width': '0', 'height': '0'}}"
1_2021_2021_07_16_07_1.jpg,0,0,0,0,"{'predictions': [], 'image': {'width': '0', 'height': '0'}}"
1_2021_2021_07_17_08_1.jpg,0,0,0,0,"{'predictions': [], 'image': {'width': '0', 'height': '0'}}"
1_2021_2021_07_19_07_1.jpg,0,0,0,0,"{'predictions': [], 'image': {'width': '0', 'height': '0'}}"
1_2021_2021_07_21_07_1.jpg,0,0,0,0,"{'predictions': [], 'image': {'width': '0', 'height': '0'}}"
1_2021_2021_07_23_07_1.jpg,0,0,0,0,"{'predictions': [], 'image': {'width': '0', 'height': '0'}}"
1_2022_2022_03_30_08_1.jpg,0,0,0,0,"{'predictions': [], 'image': {'width': '0', 'height': '0'}}"
1_2022_2022_03_31_08_1.jpg,0,0,0,0,"{'predictions': [], 'image': {'width': '0', 'height': '0'}}"
1_2022_2022_04_04_08_1.jpg,0,0,0,0,"{'predictions': [], 'image': {'width': '0', 'height': '0'}}"
1_2022_2022_04_05_08_1.jpg,0,0,0,0,"{'predictions': [], 'image': {'width': '0', 'height': '0'}}"
1_2022_2022_04_06_12_1.jpg,0,0,0,0,"{'predictions': [], 'image': {'width': '0', 'height': '0'}}"
1_2022_2022_04_09_07_1.jpg,0,0,0,0,"{'predictions': [], 'image': {'width': '0', 'height': '0'}}"
1_2022_2022_04_12_07_1.jpg,0,0,0,0,"{'predictions': [], 'image': {'width': '0', 'height': '0'}}"
1_2022_2022_04_14_07_1.jpg,0,0,0,0,"{'predictions': [], 'image': {'width': '0', 'height': '0'}}"
1_2022_2022_04_15_06_1.jpg,0,0,0,0,"{'predictions': [], 'image': {'width': '0', 'height': '0'}}"
1_2022_2022_04_18_06_1.jpg,0,0,0,0,"{'predictions': [], 'image': {'width': '0', 'height': '0'}}"
1_2022_2022_04_19_06_1.jpg,1,0,0,0,"{'predictions': [{'x': 1389.5, 'y': 1015.0, 'width': 53.0, 'height': 44.0, 'confidence': 0.2496219277381897, 'class': 'Budrotation', 'class_id': 0, 'detection_id': '9a340717-5368-4116-999d-872b55d5e81a', 'image_path': 'https://saguaro-training-set-1.s3.amazonaws.com/1_2022_2022_04_19_06_1.jpg', 'prediction_type': 'ObjectDetectionModel'}], 'image': {'width': '0', 'height': '0'}}"
1_2022_2022_04_20_06_1.jpg,0,0,0,0,"{'predictions': [], 'image': {'width': '0', 'height': '0'}}"
1_2022_2022_04_20_17_1.jpg,0,0,0,0,"{'predictions': [], 'image': {'width': '0', 'height': '0'}}"
1_2022_2022_04_22_06_1.jpg,0,0,0,0,"{'predictions': [], 'image': {'width': '0', 'height': '0'}}"
1_2022_2022_04_23_05_1.jpg,0,0,0,0,"{'predictions': [], 'image': {'width': '0', 'height': '0'}}"
1_2022_2022_04_25_06_1.jpg,0,0,0,0,"{'predictions': [], 'image': {'width': '0', 'height': '0'}}"
1_2022_2022_04_27_06_1.jpg,0,0,0,0,"{'predictions': [], 'image': {'width': '0', 'height': '0'}}"
1_2022_2022_04_28_06_1.jpg,0,0,0,0,"{'predictions': [], 'image': {'width': '0', 'height': '0'}}"
1_2022_2022_04_29_07_1.jpg,0,0,0,0,"{'predictions': [], 'image': {'width': '0', 'height': '0'}}"
1_2022_2022_04_30_04_1.jpg,0,0,0,0,"{'predictions': [], 'image': {'width': '0', 'height': '0'}}"
1_2022_2022_05_02_06_1.jpg,0,0,0,0,"{'predictions': [], 'image': {'width': '0', 'height': '0'}}"
1_2022_2022_05_04_06_1.jpg,0,0,0,0,"{'predictions': [], 'image': {'width': '0', 'height': '0'}}"
1_2022_2022_05_07_05_1.jpg,0,0,0,0,"{'predictions': [], 'image': {'width': '0', 'height': '0'}}"
1_2022_2022_05_10_06_1.jpg,0,0,0,0,"{'predictions': [], 'image': {'width': '0', 'height': '0'}}"
1_2022_2022_05_11_06_1.jpg,0,0,0,0,"{'predictions': [], 'image': {'width': '0', 'height': '0'}}"
1_2022_2022_05_12_06_1.jpg,0,0,0,0,"{'predictions': [], 'image': {'width': '0', 'height': '0'}}"
1_2022_2022_05_13_06_1.jpg,0,0,0,0,"{'predictions': [], 'image': {'width': '0', 'height': '0'}}"
1_2022_2022_05_14_07_1.jpg,0,0,0,0,"{'predictions': [], 'image': {'width': '0', 'height': '0'}}"
1_2022_2022_05_16_06_1.jpg,0,0,0,0,"{'predictions': [], 'image': {'width': '0', 'height': '0'}}"
1_2022_2022_05_17_07_1.jpg,0,0,0,0,"{'predictions': [], 'image': {'width': '0', 'height': '0'}}"
1_2022_2022_05_19_06_1.jpg,0,0,0,0,"{'predictions': [], 'image': {'width': '0', 'height': '0'}}"
1_2022_2022_05_20_07_1.jpg,0,0,0,0,"{'predictions': [], 'image': {'width': '0', 'height': '0'}}"
1_2022_2022_05_21_07_1.jpg,0,0,0,0,"{'predictions': [], 'image': {'width': '0', 'height': '0'}}"
1_2022_2022_05_23_06_1.jpg,0,0,0,0,"{'predictions': [], 'image': {'width': '0', 'height': '0'}}"
1_2022_2022_05_24_06_1.jpg,0,0,0,0,"{'predictions': [], 'image': {'width': '0', 'height': '0'}}"
1_2022_2022_05_25_06_1.jpg,0,0,0,0,"{'predictions': [], 'image': {'width': '0', 'height': '0'}}"
1_2022_2022_05_27_05_1.jpg,0,0,0,0,"{'predictions': [], 'image': {'width': '0', 'height': '0'}}"
1_2022_2022_05_28_06_1.jpg,0,0,0,0,"{'predictions': [], 'image': {'width': '0', 'height': '0'}}"
1_2022_2022_05_31_06_1.jpg,0,0,0,0,"{'predictions': [], 'image': {'width': '0', 'height': '0'}}"
1_2022_2022_06_01_06_1.jpg,0,0,0,0,"{'predictions': [], 'image': {'width': '0', 'height': '0'}}"
1_2022_2022_06_02_06_1.jpg,0,0,0,0,"{'predictions': [], 'image': {'width': '0', 'height': '0'}}"
1_2022_2022_06_04_06_1.jpg,0,0,0,0,"{'predictions': [], 'image': {'width': '0', 'height': '0'}}"
1_2022_2022_06_06_06_1.jpg,0,0,0,0,"{'predictions': [], 'image': {'width': '0', 'height': '0'}}"
1_2022_2022_06_07_08_1.jpg,0,0,0,0,"{'predictions': [], 'image': {'width': '0', 'height': '0'}}"
1_2022_2022_06_08_06_1.jpg,0,0,0,0,"{'predictions': [], 'image': {'width': '0', 'height': '0'}}"
1_2022_2022_06_10_06_1.jpg,0,0,0,0,"{'predictions': [], 'image': {'width': '0', 'height': '0'}}"
1_2022_2022_06_11_06_1.jpg,0,0,0,0,"{'predictions': [], 'image': {'width': '0', 'height': '0'}}"
1_2022_2022_06_13_06_1.jpg,0,0,0,0,"{'predictions': [], 'image': {'width': '0', 'height': '0'}}"
1_2022_2022_06_14_06_1.jpg,0,0,0,0,"{'predictions': [], 'image': {'width': '0', 'height': '0'}}"
1_2022_2022_06_15_06_1.jpg,0,0,0,0,"{'predictions': [], 'image': {'width': '0', 'height': '0'}}"
1_2022_2022_06_17_06_1.jpg,0,0,0,0,"{'predictions': [], 'image': {'width': '0', 'height': '0'}}"
1_2022_2022_06_18_06_1.jpg,0,0,0,0,"{'predictions': [], 'image': {'width': '0', 'height': '0'}}"
1_2022_2022_06_21_06_1.jpg,0,0,0,0,"{'predictions': [], 'image': {'width': '0', 'height': '0'}}"
1_2022_2022_06_23_06_1.jpg,0,0,0,0,"{'predictions': [], 'image': {'width': '0', 'height': '0'}}"
1_2022_2022_06_24_06_1.jpg,0,0,0,0,"{'predictions': [], 'image': {'width': '0', 'height': '0'}}"
1_2022_2022_06_25_06_1.jpg,0,0,0,0,"{'predictions': [], 'image': {'width': '0', 'height': '0'}}"
1_2022_2022_06_27_06_1.jpg,0,0,0,0,"{'predictions': [], 'image': {'width': '0', 'height': '0'}}"
1_2022_2022_06_28_06_1.jpg,0,0,0,0,"{'predictions': [], 'image': {'width': '0', 'height': '0'}}"
1_2022_2022_06_29_06_1.jpg,0,0,0,0,"{'predictions': [], 'image': {'width': '0', 'height': '0'}}"
1_2022_2022_07_01_06_1.jpg,1,0,0,0,"{'predictions': [{'x': 10.0, 'y': 721.0, 'width': 20.0, 'height': 44.0, 'confidence': 0.5390982627868652, 'class': 'Budrotation', 'class_id': 0, 'detection_id': '03821b9b-ac14-4c56-a7b6-b16152591081', 'image_path': 'https://saguaro-training-set-1.s3.amazonaws.com/1_2022_2022_07_01_06_1.jpg', 'prediction_type': 'ObjectDetectionModel'}], 'image': {'width': '0', 'height': '0'}}"
1_2022_2022_07_02_06_1.jpg,0,0,0,0,"{'predictions': [], 'image': {'width': '0', 'height': '0'}}"
1_2022_2022_07_05_06_1.jpg,0,0,0,0,"{'predictions': [], 'image': {'width': '0', 'height': '0'}}"
1_2022_2022_07_07_06_1.jpg,0,0,0,0,"{'predictions': [], 'image': {'width': '0', 'height': '0'}}"
1_2022_2022_07_08_06_1.jpg,0,0,0,0,"{'predictions': [], 'image': {'width': '0', 'height': '0'}}"
1_2022_2022_07_09_06_1.jpg,0,0,0,0,"{'predictions': [], 'image': {'width': '0', 'height': '0'}}"
1_2022_2022_07_09_13_1.jpg,0,0,0,0,"{'predictions': [], 'image': {'width': '0', 'height': '0'}}"
1_2022_2022_07_13_06_1.jpg,0,0,0,0,"{'predictions': [], 'image': {'width': '0', 'height': '0'}}"
1_2023_2015_01_01_00_1.jpg,0,0,0,0,"{'predictions': [], 'image': {'width': '0', 'height': '0'}}"
1_2023_2015_01_01_00_2.jpg,0,0,0,0,"{'predictions': [], 'image': {'width': '0', 'height': '0'}}"
1_2023_2015_01_01_00_3.jpg,0,0,0,0,"{'predictions': [], 'image': {'width': '0', 'height': '0'}}"
1_2023_2023_04_06_06_1.jpg,0,0,0,0,"{'predictions': [], 'image': {'width': '0', 'height': '0'}}"
1_2023_2023_04_08_07_1.jpg,0,0,0,0,"{'predictions': [], 'image': {'width': '0', 'height': '0'}}"
1_2023_2023_04_10_07_1.jpg,0,0,0,0,"{'predictions': [], 'image': {'width': '0', 'height': '0'}}"
1_2023_2023_04_13_09_1.jpg,0,0,0,0,"{'predictions': [], 'image': {'width': '0', 'height': '0'}}"
1_2023_2023_04_14_13_1.jpg,0,0,0,0,"{'predictions': [], 'image': {'width': '0', 'height': '0'}}"
1_2023_2023_04_17_06_1.jpg,0,0,0,0,"{'predictions': [], 'image': {'width': '0', 'height': '0'}}"
1_2023_2023_04_19_06_1.jpg,0,0,0,0,"{'predictions': [], 'image': {'width': '0', 'height': '0'}}"
1_2023_2023_04_20_05_1.jpg,0,0,0,0,"{'predictions': [], 'image': {'width': '0', 'height': '0'}}"
1_2023_2023_04_22_06_1.jpg,0,0,0,0,"{'predictions': [], 'image': {'width': '0', 'height': '0'}}"
1_2023_2023_04_24_06_1.jpg,0,0,0,0,"{'predictions': [], 'image': {'width': '0', 'height': '0'}}"
1_2023_2023_04_25_06_1.jpg,0,0,0,0,"{'predictions': [], 'image': {'width': '0', 'height': '0'}}"
1_2023_2023_04_28_06_1.jpg,0,0,0,0,"{'predictions': [], 'image': {'width': '0', 'height': '0'}}"
1_2023_2023_04_29_06_1.jpg,0,0,0,0,"{'predictions': [], 'image': {'width': '0', 'height': '0'}}"
1_2023_2023_04_29_06_2.jpg,0,0,0,0,"{'predictions': [], 'image': {'width': '0', 'height': '0'}}"
1_2023_2023_05_01_05_1.jpg,0,0,0,0,"{'predictions': [], 'image': {'width': '0', 'height': '0'}}"
1_2023_2023_05_02_06_1.jpg,0,0,0,0,"{'predictions': [], 'image': {'width': '0', 'height': '0'}}"
1_2023_2023_05_04_07_1.jpg,0,0,0,0,"{'predictions': [], 'image': {'width': '0', 'height': '0'}}"
1_2023_2023_05_06_06_1.jpg,0,0,0,0,"{'predictions': [], 'image': {'width': '0', 'height': '0'}}"
1_2023_2023_05_08_06_1.jpg,0,0,0,0,"{'predictions': [], 'image': {'width': '0', 'height': '0'}}"
1_2023_2023_05_09_08_1.jpg,0,0,0,0,"{'predictions': [], 'image': {'width': '0', 'height': '0'}}"
1_2023_2023_05_11_06_1.jpg,0,0,0,0,"{'predictions': [], 'image': {'width': '0', 'height': '0'}}"
1_2023_2023_05_12_06_1.jpg,0,0,0,0,"{'predictions': [], 'image': {'width': '0', 'height': '0'}}"
1_2023_2023_05_12_12_1.jpg,0,0,0,0,"{'predictions': [], 'image': {'width': '0', 'height': '0'}}"
1_2023_2023_05_15_06_1.jpg,0,0,0,0,"{'predictions': [], 'image': {'width': '0', 'height': '0'}}"
1_2023_2023_05_16_05_1.jpg,0,0,0,0,"{'predictions': [], 'image': {'width': '0', 'height': '0'}}"
1_2023_2023_05_17_05_1.jpg,0,0,0,0,"{'predictions': [], 'image': {'width': '0', 'height': '0'}}"
1_2023_2023_05_18_07_1.jpg,0,0,0,0,"{'predictions': [], 'image': {'width': '0', 'height': '0'}}"
1_2023_2023_05_20_07_1.jpg,0,0,0,0,"{'predictions': [], 'image': {'width': '0', 'height': '0'}}"
1_2023_2023_05_22_06_1.jpg,0,0,0,0,"{'predictions': [], 'image': {'width': '0', 'height': '0'}}"
1_2023_2023_05_23_06_1.jpg,0,0,0,0,"{'predictions': [], 'image': {'width': '0', 'height': '0'}}"
1_2023_2023_05_24_04_1.jpg,0,0,1,0,"{'predictions': [{'x': 1550.0, 'y': 1160.5, 'width': 90.0, 'height': 79.0, 'confidence': 0.3521784245967865, 'class': 'Red Fruitrotation', 'class_id': 3, 'detection_id': 'a9a459de-1edd-44a9-b7f9-f15f4398ae9b', 'image_path': 'https://saguaro-training-set-1.s3.amazonaws.com/1_2023_2023_05_24_04_1.jpg', 'prediction_type': 'ObjectDetectionModel'}], 'image': {'width': '0', 'height': '0'}}"
1_2023_2023_05_25_05_1.jpg,0,0,0,0,"{'predictions': [], 'image': {'width': '0', 'height': '0'}}"
1_2023_2023_05_26_06_1.jpg,0,0,0,0,"{'predictions': [], 'image': {'width': '0', 'height': '0'}}"
1_2023_2023_05_27_07_1.jpg,0,0,0,0,"{'predictions': [], 'image': {'width': '0', 'height': '0'}}"
1_2023_2023_05_27_07_2.jpg,0,0,0,0,"{'predictions': [], 'image': {'width': '0', 'height': '0'}}"
1_2023_2023_05_29_05_1.jpg,0,0,0,0,"{'predictions': [], 'image': {'width': '0', 'height': '0'}}"
1_2023_2023_05_31_06_1.jpg,0,0,0,0,"{'predictions': [], 'image': {'width': '0', 'height': '0'}}"
1_2023_2023_06_01_05_1.jpg,0,0,0,0,"{'predictions': [], 'image': {'width': '0', 'height': '0'}}"
1_2023_2023_06_02_06_1.jpg,0,0,0,0,"{'predictions': [], 'image': {'width': '0', 'height': '0'}}"
1_2023_2023_06_03_07_1.jpg,0,0,0,0,"{'predictions': [], 'image': {'width': '0', 'height': '0'}}"
1_2023_2023_06_05_06_1.jpg,0,0,0,0,"{'predictions': [], 'image': {'width': '0', 'height': '0'}}"
1_2023_2023_06_05_06_2.jpg,0,0,0,0,"{'predictions': [], 'image': {'width': '0', 'height': '0'}}"
1_2023_2023_06_06_06_1.jpg,0,0,0,0,"{'predictions': [], 'image': {'width': '0', 'height': '0'}}"
1_2023_2023_06_07_05_1.jpg,0,0,0,0,"{'predictions': [], 'image': {'width': '0', 'height': '0'}}"
1_2023_2023_06_08_05_1.jpg,0,0,0,0,"{'predictions': [], 'image': {'width': '0', 'height': '0'}}"
1_2023_2023_06_09_05_1.jpg,1,0,0,0,"{'predictions': [{'x': 1699.5, 'y': 89.5, 'width': 13.0, 'height': 13.0, 'confidence': 0.2679309546947479, 'class': 'Budrotation', 'class_id': 0, 'detection_id': 'b74d4af0-eb26-4894-972b-12284673d2ff', 'image_path': 'https://saguaro-training-set-1.s3.amazonaws.com/1_2023_2023_06_09_05_1.jpg', 'prediction_type': 'ObjectDetectionModel'}], 'image': {'width': '0', 'height': '0'}}"
1_2023_2023_06_10_07_1.jpg,0,0,0,0,"{'predictions': [], 'image': {'width': '0', 'height': '0'}}"
1_2023_2023_06_12_06_1.jpg,0,0,0,0,"{'predictions': [], 'image': {'width': '0', 'height': '0'}}"
1_2023_2023_06_13_06_1.jpg,0,0,0,0,"{'predictions': [], 'image': {'width': '0', 'height': '0'}}"
1_2023_2023_06_15_04_1.jpg,1,0,0,0,"{'predictions': [{'x': 855.0, 'y': 826.5, 'width': 88.0, 'height': 117.0, 'confidence': 0.7563811540603638, 'class': 'Budrotation', 'class_id': 0, 'detection_id': 'c9a7c318-aa0c-4980-87bb-a14bd4c7a78b', 'image_path': 'https://saguaro-training-set-1.s3.amazonaws.com/1_2023_2023_06_15_04_1.jpg', 'prediction_type': 'ObjectDetectionModel'}], 'image': {'width': '0', 'height': '0'}}"
1_2023_2023_06_16_06_1.jpg,0,0,0,0,"{'predictions': [], 'image': {'width': '0', 'height': '0'}}"
1_2023_2023_06_17_04_1.jpg,0,0,0,0,"{'predictions': [], 'image': {'width': '0', 'height': '0'}}"
1_2023_2023_06_20_06_1.jpg,0,0,0,0,"{'predictions': [], 'image': {'width': '0', 'height': '0'}}"
1_2023_2023_06_21_05_1.jpg,0,0,0,0,"{'predictions': [], 'image': {'width': '0', 'height': '0'}}"
1_2023_2023_06_23_05_1.jpg,0,0,0,0,"{'predictions': [], 'image': {'width': '0', 'height': '0'}}"
1_2023_2023_06_27_05_1.jpg,0,0,0,0,"{'predictions': [], 'image': {'width': '0', 'height': '0'}}"
1_2023_2023_06_30_06_1.jpg,0,0,0,0,"{'predictions': [], 'image': {'width': '0', 'height': '0'}}"
1_2023_2023_07_01_07_1.jpg,0,0,0,0,"{'predictions': [], 'image': {'width': '0', 'height': '0'}}"
1_2023_2023_07_05_07_1.jpg,0,0,0,0,"{'predictions': [], 'image': {'width': '0', 'height': '0'}}"
1_2023_2023_07_06_05_1.jpg,0,0,0,0,"{'predictions': [], 'image': {'width': '0', 'height': '0'}}"
1_2023_2023_07_07_06_1.jpg,0,0,0,0,"{'predictions': [], 'image': {'width': '0', 'height': '0'}}"
1_2023_2023_07_11_05_1.jpg,0,0,0,0,"{'predictions': [], 'image': {'width': '0', 'height': '0'}}"
1_2023_2023_07_18_05_1.jpg,0,0,0,0,"{'predictions': [], 'image': {'width': '0', 'height': '0'}}"
1_2023_2023_07_21_05_1.jpg,0,0,0,0,"{'predictions': [], 'image': {'width': '0', 'height': '0'}}"
